group,names,scores,logfoldchanges,pvals,pvals_adj
B cell,CD74,39.186314,4.3718915,0.0,0.0
B cell,HLA-DRA,37.61802,4.503623,1.091000352423715e-309,1.258032506379786e-305
B cell,MS4A1,36.841835,9.244798,3.952019404361463e-297,2.2785367875846012e-293
B cell,CD37,36.55892,4.479994,1.286523878836606e-292,5.933962738745961e-289
B cell,RPS27,36.08848,1.4369245,3.4384576312978486e-285,1.3216284982165165e-281
B cell,BTG1,35.763947,3.2584696,4.01643146764504e-280,1.323242035811856e-276
B cell,CD79A,34.15389,7.411511,1.1707536189743358e-255,2.699991996078613e-252
B cell,CXCR4,34.098385,4.0493655,7.793909267486454e-255,1.4978594627231052e-251
B cell,RPLP2,33.513435,1.4640459,3.071281923602418e-246,5.44845413247069e-243
B cell,HLA-DPA1,32.856983,3.4885685,9.052632257955707e-237,1.4912271795212465e-233
B cell,HLA-DPB1,32.643402,3.4717534,9.941618983932332e-234,1.5284907800496496e-230
B cell,RPL9,29.958965,1.0547605,3.3625879566746475e-197,4.308222414268373e-194
B cell,MALAT1,29.849806,1.5573062,8.829654129741992e-196,1.0717341238953147e-192
B cell,TXNIP,29.405125,3.0870476,4.722761826143564e-190,4.95074241975104e-187
B cell,RPL21,29.270184,1.685246,2.4859108047302086e-188,2.4926119555951335e-185
B cell,RPS23,29.09036,0.8821917,4.753617471434703e-186,4.385117045049085e-183
B cell,RPL34,29.061779,1.0437523,1.0923780234408477e-185,9.68939306792032e-183
B cell,RPL23A,29.012136,1.1254188,4.625262448727622e-185,3.950659355279867e-182
B cell,CD52,28.956442,3.6889634,2.328276746865125e-184,1.917668512007268e-181
B cell,RPSA,28.234884,1.393565,2.1823957649606314e-175,1.623561649403938e-172
B cell,RPS25,27.886982,1.0029207,3.8379021265737618e-171,2.5288485383726885e-168
B cell,RPL27A,27.78746,1.9879317,6.149200603755595e-170,3.9392462312169876e-167
B cell,RPL11,27.70347,0.83917785,6.341473061697902e-169,3.9526230202399194e-166
B cell,RPL41,27.515873,0.90933794,1.1338345918874946e-166,6.8811824626603685e-164
B cell,FAU,27.164444,0.9209911,1.709527784411755e-162,9.856282441025973e-160
B cell,LAPTM5,26.736723,3.1190732,1.7619807933347352e-157,9.674952632353728e-155
B cell,RPL32,26.266108,0.750013,4.679589192265323e-152,2.5097833942330903e-149
B cell,RPS11,26.12372,1.6122756,1.9606869657760226e-150,1.0276673364710599e-147
B cell,HLA-DQB1,25.937052,3.0610995,2.545539225467389e-148,1.2762005569071507e-145
B cell,RPL26,25.549034,1.3656433,5.627985089841769e-144,2.5958518428386174e-141
B cell,RPL13,24.862541,0.80686504,1.8923747502683183e-136,7.934899361943265e-134
B cell,CD83,24.51262,3.8823793,1.083611122759992e-132,3.96670471636364e-130
B cell,BANK1,24.441242,8.094274,6.236008937326621e-132,2.2471068455097893e-129
B cell,CD69,24.2494,3.3986466,6.70934842893277e-130,2.1793097671555995e-127
B cell,RPL13A,23.863638,1.950343,7.309984554247544e-126,2.2781468079737415e-123
B cell,RPS9,23.43932,0.786513,1.6988063541753354e-121,4.6640323976180453e-119
B cell,RPS6,23.247461,0.9066682,1.5091624927178712e-119,3.9550347053476756e-117
B cell,RPS29,23.108881,1.6978928,3.769565350133737e-118,9.767833270200476e-116
B cell,HLA-DRB1,22.853947,2.544213,1.3351427637407562e-115,3.421229157487702e-113
B cell,RPS3A,22.739662,0.70834655,1.816221949516079e-114,4.5038398494343885e-112
B cell,RPL31,22.723682,1.3761815,2.61357374339908e-114,6.4121529436457e-112
B cell,TSC22D3,22.6532,2.0783029,1.2973657413045594e-113,3.1166509089547658e-111
B cell,RPS14,22.472504,0.695951,7.7117802853534665e-112,1.7784907694082164e-109
B cell,RPS12,22.357742,0.74470335,1.0152082410783807e-110,2.188105836985945e-108
B cell,RPS15A,22.270575,0.7532953,7.128056378017879e-110,1.522104038794892e-107
B cell,RPL35A,21.987635,0.7161766,3.781960131218705e-107,7.391488520861506e-105
B cell,HLA-DQA1,21.906485,2.9616663,2.253158693395008e-106,4.330195482256306e-104
B cell,LTB,21.760418,3.418819,5.504471455517932e-105,1.0320660220093867e-102
B cell,HLA-E,21.3637,1.6656747,2.908308555418446e-101,5.2812135358315116e-99
B cell,RPS8,21.350004,0.7009455,3.899035271856756e-101,6.9705078635318225e-99
B cell,RPL19,21.245012,0.6902328,3.666053906031541e-100,6.262706309696251e-98
B cell,RPL35,21.234373,0.8747329,4.597802861480536e-100,7.796656587607657e-98
B cell,BIRC3,20.977402,2.8218772,1.055042430020396e-97,1.6665334603513954e-95
B cell,RPL39,20.749676,0.71065557,1.2341957993141632e-95,1.8482482807651448e-93
B cell,RPL3,20.479677,0.71805525,3.2681376970474085e-93,4.540348889717309e-91
B cell,RPL23,20.378626,1.2940754,2.588150825557277e-92,3.531830434260469e-90
B cell,RPL18A,20.274,0.738037,2.1818181890594823e-91,2.925412271865685e-89
B cell,RPL15,19.792479,0.5852381,3.456178216757449e-87,4.087506771018477e-85
B cell,EIF1,19.744839,0.8032926,8.884807784973014e-87,1.0401088179545567e-84
B cell,SMCHD1,19.336985,2.602604,2.6237371077536262e-83,2.909068518221833e-81
B cell,RPS16,19.181684,0.8431114,5.2646514364553005e-82,5.595087162559084e-80
B cell,RPL5,19.109251,0.72602075,2.1148456406358105e-81,2.1871107697014827e-79
B cell,RPS18,19.066814,0.63097376,4.76465668133311e-81,4.840639312110316e-79
B cell,REL,18.971281,2.1038299,2.946330001174878e-80,2.941483224549569e-78
B cell,HLA-DRB5,18.806013,2.1943078,6.74209014367204e-79,6.588393342939178e-77
B cell,CYBA,18.697329,1.7384807,5.204859609501909e-78,5.0014363464305424e-76
B cell,RPS2,18.468035,1.0395468,3.7343465113521e-76,3.390610206488273e-74
B cell,RPS20,18.352114,1.9151052,3.175204605915464e-75,2.8056156560008595e-73
B cell,RPL18,18.028921,0.5806979,1.155248695867357e-72,9.218804645014874e-71
B cell,ARHGAP24,17.888165,5.000978,1.4583105490563723e-71,1.1439305402155802e-69
B cell,IGKC,17.723677,3.3181906,2.7531652336503736e-70,2.0681920722620493e-68
B cell,CD48,17.655474,2.9683604,9.235508181569341e-70,6.778123873846842e-68
B cell,RPL12,17.48155,0.525998,1.9804268314264437e-68,1.422822541631048e-66
B cell,RPS19,17.021914,0.5586113,5.649443805455575e-65,3.639314889425041e-63
B cell,EEF1A1,16.941069,0.5618166,2.2401599754274067e-64,1.423211276950602e-62
B cell,TMSB4X,16.763065,0.79125714,4.545662466181746e-63,2.7733351268540587e-61
B cell,RPL10A,16.659504,0.6233652,2.5815418526026783e-62,1.5344205722866746e-60
B cell,RPL28,16.643105,0.52125126,3.3954592362360824e-62,2.013009791929988e-60
B cell,RPL27,16.471415,0.59974784,5.887694488737962e-61,3.369280652587466e-59
B cell,CORO1A,16.459549,2.393324,7.163322113857806e-61,4.089122143311601e-59
B cell,RPL38,16.25314,0.87980235,2.122100848668055e-59,1.1581822641094528e-57
B cell,CCR7,16.160292,3.8675718,9.61058820076452e-59,5.130541321435911e-57
B cell,HLA-DQA2,16.035265,2.4026484,7.247346883096216e-58,3.714184751510332e-56
B cell,ISG20,15.933761,2.1186912,3.6945374427516715e-57,1.8482304230962914e-55
B cell,RPS27A,15.879713,0.4643476,8.757752766419509e-57,4.3064241854832985e-55
B cell,RPS5,15.869844,0.57634205,1.0249508328976894e-56,5.0292374698481946e-55
B cell,RPL22,15.732166,0.5606605,9.104167664882015e-56,4.320171084105124e-54
B cell,EEF1B2,15.687885,0.71695596,1.8305272462075628e-55,8.563005953760409e-54
B cell,IGHM,15.590795,5.894033,8.40807205800623e-55,3.8550091014262366e-53
B cell,CD79B,15.445734,4.928572,8.060485861340334e-54,3.5916489188709735e-52
B cell,RPS15,15.321867,0.5243045,5.462596167532095e-53,2.3769508078419847e-51
B cell,VPREB3,15.305117,7.7226014,7.067495083275717e-53,3.069502290216659e-51
B cell,MARCH1,15.259928,4.4015956,1.4140423855990124e-52,6.080554097641702e-51
B cell,RPS28,15.230843,0.46477777,2.207276288001762e-52,9.409280176321005e-51
B cell,CD53,15.164105,2.4496894,6.1126281950431336e-52,2.567749206449631e-50
B cell,LIMD2,15.157333,2.5377693,6.776540898403301e-52,2.8363082794732655e-50
B cell,IRF8,15.110009,3.9732368,1.3912118210570852e-51,5.749843551472849e-50
B cell,UBA52,14.843581,0.6158308,7.655755859906122e-50,3.0129187993371156e-48
B cell,RPL30,14.839897,0.50665534,8.088036864798653e-50,3.1776202074273685e-48
B cell,RHOH,14.705761,2.511351,5.920200162811856e-49,2.2455864499139315e-47
CAF,DCN,39.719612,9.855579,0.0,0.0
CAF,LUM,39.482876,9.878476,0.0,0.0
CAF,COL1A2,37.923496,8.6841545,0.0,0.0
CAF,COL1A1,37.73411,8.819123,0.0,0.0
CAF,CTSK,37.37167,8.657034,1.1276435463303932e-305,5.201143093094306e-302
CAF,COL3A1,36.477215,8.464538,2.548415930676078e-291,9.795261365541954e-288
CAF,COL6A3,36.448864,8.330182,7.170553871584182e-291,2.3623901912353486e-287
CAF,COL6A2,36.255302,6.5975633,8.197622122484827e-288,2.3631695173593135e-284
CAF,SFRP2,36.120808,10.3373575,1.069235399765039e-285,2.7398563099312586e-282
CAF,COL6A1,35.94108,7.0051928,6.977138856799753e-283,1.6090677631551591e-279
CAF,RARRES2,35.84641,7.313952,2.0920303640113196e-281,4.386036750439005e-278
CAF,C1S,35.362293,5.94976,6.489097611916726e-274,1.2470964093835294e-270
CAF,CTHRC1,35.078167,7.338275,1.451026052683959e-269,2.5741202174613435e-266
CAF,SPARC,34.66174,6.1984634,2.973002934893648e-263,4.8973852631798076e-260
CAF,CALD1,34.489735,4.7590427,1.1433536597320132e-260,1.7578681400493123e-257
CAF,MMP2,34.375477,6.684233,5.864506618875198e-259,8.452953227781237e-256
CAF,FBLN1,34.372807,7.2701173,6.42877359582289e-259,8.721198627462793e-256
CAF,IFITM3,33.848583,4.203924,3.8078292568723026e-251,4.878675462332725e-248
CAF,AEBP1,33.6761,7.5851364,1.294068179096852e-248,1.5707263340174526e-245
CAF,SERPINF1,33.61515,6.2832847,1.0077481550936464e-247,1.1620343976384836e-244
CAF,SERPING1,33.50318,5.3117795,4.332104408230011e-246,4.757475802980977e-243
CAF,FN1,33.182976,5.573826,1.895150758409047e-241,1.986634854110429e-238
CAF,VCAN,33.089733,5.4002757,4.1756157241859365e-240,4.186871731790264e-237
CAF,CCDC80,32.759075,8.137235,2.2548167396703398e-235,2.1666909854282243e-232
CAF,NNMT,32.354195,5.3981886,1.2110495259347579e-229,1.1171689666842954e-226
CAF,COL5A2,32.13355,7.0236654,1.4994970606882356e-226,1.330053892830465e-223
CAF,LGALS1,32.02097,3.4896247,5.568966525757024e-225,4.7567224450743884e-222
CAF,IGFBP4,31.881691,4.5044427,4.7901363501155764e-223,3.945361589513051e-220
CAF,MXRA8,31.608284,6.6275907,2.840813114527211e-219,2.259132139559536e-216
CAF,BGN,31.606949,5.9895196,2.9633866404078174e-219,2.2780540900361693e-216
CAF,IGFBP7,30.697437,4.876334,6.158173234678266e-207,4.581283585101619e-204
CAF,C1R,30.650558,5.7178164,2.5977173786202906e-206,1.8721424433044106e-203
CAF,THY1,30.514025,6.254715,1.6980596940176913e-204,1.1866864443465455e-201
CAF,THBS2,29.679409,8.471553,1.4160911052255248e-193,9.605262667267958e-191
CAF,CTGF,29.540186,6.0043807,8.779024396831988e-192,5.7846245897068365e-189
CAF,PCOLCE,29.526659,5.950316,1.3096347131514953e-191,8.389665487416608e-189
CAF,FBLN2,29.361221,5.773093,1.7182303907377142e-189,1.0709683586808962e-186
CAF,MDK,29.233873,3.8550875,7.1997764638271e-188,4.3695064423363315e-185
CAF,ISLR,29.116125,5.7362137,2.2438150635043404e-186,1.3268426408855666e-183
CAF,LRP1,29.026201,5.3438797,3.073786886158632e-185,1.7721918292147592e-182
CAF,CST3,28.786247,3.3649993,3.188666632311563e-182,1.7935860944968112e-179
CAF,VIM,28.187382,3.1994865,8.349871057095735e-175,4.58487443616052e-172
CAF,TIMP1,28.081144,3.1225252,1.6648416157077558e-173,8.92897147475634e-171
CAF,TIMP2,27.992697,4.405833,1.9939224109826256e-172,1.0450872418654844e-169
CAF,HTRA1,27.963198,5.2795672,4.5559981836230193e-172,2.334898446904757e-169
CAF,CD63,27.936712,2.290179,9.560997593678414e-172,4.7933853588132957e-169
CAF,CXCL12,27.742874,6.2388816,2.1239870138298803e-169,1.042199755594568e-166
CAF,TIMP3,27.595623,3.956479,1.2557673444575346e-167,6.033438853724931e-165
CAF,FSTL1,27.131424,5.2527156,4.194875069823429e-162,1.9743307930666923e-159
CAF,CYR61,27.062077,4.3664126,2.7536158904962214e-161,1.270077793332477e-158
CAF,SELM,26.699898,2.3438303,4.7195655391848444e-157,2.134169028719233e-154
CAF,TPM2,26.590366,4.005068,8.773359367978331e-156,3.89098487969839e-153
CAF,TAGLN,26.50978,5.211172,7.476014928956232e-155,3.253053892294125e-152
CAF,COL5A1,26.482647,6.9053726,1.535866081705337e-154,6.55928584746083e-152
CAF,FBN1,26.478346,6.112636,1.7214110271170634e-154,7.218032928613403e-152
CAF,PRRX1,26.231995,5.765582,1.1472199294733022e-151,4.724497502413088e-149
CAF,MYL9,26.024448,4.2151146,2.619373310760598e-149,1.0597892507501913e-146
CAF,PPIC,25.634096,3.5936766,6.3609387916078716e-145,2.529240869173461e-142
CAF,PPIB,25.586588,1.9118687,2.1514322674596868e-144,8.409547619009372e-142
CAF,MXRA5,25.512043,7.339392,1.4492541691717506e-143,5.570449941573152e-141
CAF,POSTN,25.45516,5.2886653,6.189398976585848e-143,2.339998675377423e-140
CAF,CD99,25.36719,2.584849,5.8074808573638704e-142,2.160195540847187e-139
CAF,MMP14,25.128042,4.939118,2.4564911212140223e-139,8.99231718054568e-137
CAF,LAPTM4A,25.0946,2.159582,5.6962193827942715e-139,2.052597053218773e-136
CAF,SERPINH1,25.091528,3.0205958,6.1536895128113436e-139,2.183329039145465e-136
CAF,COL12A1,24.777624,5.331222,1.5625271807910143e-135,5.3783584840899056e-133
CAF,IFI27,24.54567,3.4497716,4.8109437980398115e-133,1.631617439270502e-130
CAF,CDH11,24.529177,5.3277955,7.215718437765113e-133,2.411723168286073e-130
CAF,DPT,24.350048,9.922016,5.790620099786341e-131,1.9077611534467512e-128
CAF,MFAP2,24.142109,6.2350698,9.037031594441984e-129,2.935380600436916e-126
CAF,PRSS23,24.115263,3.722673,1.7290638461267896e-128,5.5382875582466694e-126
CAF,MFAP4,23.9446,8.072763,1.0518225110492154e-126,3.3228946232626034e-124
CAF,PMP22,23.107798,3.467498,3.8654284414578022e-118,1.204655550228376e-115
CAF,FTL,23.045835,1.2888087,1.619364905381412e-117,4.979439126387484e-115
CAF,PLAC9,22.992794,5.4804826,5.503094593710876e-117,1.6482125651968858e-114
CAF,FAP,22.983273,6.2684712,6.852517144969424e-117,2.026060902529293e-114
CAF,PDGFRL,22.869968,7.7299895,9.250128867885492e-116,2.70033508798956e-113
CAF,PALLD,22.852413,3.9196947,1.3828656096426162e-115,3.986455836197252e-113
CAF,PTRF,22.71507,3.0690205,3.179577141671745e-114,9.052766424843678e-112
CAF,SPON2,22.595732,4.2966886,4.773395834799696e-113,1.3263139125560311e-110
CAF,RCN3,22.57199,5.8992767,8.168656486065749e-113,2.2426851890672414e-110
CAF,SPARCL1,22.388554,3.4382286,5.088289103458449e-111,1.3644898058599854e-108
CAF,LGALS3BP,21.75135,3.1618872,6.707583944313334e-105,1.7380932688062258e-102
CAF,ID3,21.73793,2.9734533,8.985885330023305e-105,2.3025831942333052e-102
CAF,CRISPLD2,21.714529,4.48479,1.495668582416791e-104,3.7904515217248385e-102
CAF,C3,21.512993,4.6241264,1.176623011805323e-102,2.917772032070361e-100
CAF,EFEMP2,21.504442,5.5519447,1.4147528882288472e-102,3.4709607562057097e-100
CAF,TPM4,21.435589,1.8308631,6.224054761635087e-102,1.4951994886752956e-99
CAF,SULF1,21.390945,6.248244,1.6223835044594953e-101,3.857258595860297e-99
CAF,TCF4,21.366497,3.093176,2.7392447876008212e-101,6.44616972363777e-99
CAF,CXCL14,21.23202,6.9241447,4.834040698233058e-100,1.1260873392186947e-97
CAF,ANTXR1,21.225378,5.564605,5.567721361847868e-100,1.2840279004693553e-97
CAF,PODN,21.112413,8.070862,6.116701129134692e-99,1.3966669449515274e-96
CAF,MEG3,20.85954,7.8960166,1.2486499336709262e-96,2.768881227915279e-94
CAF,MMP11,20.651829,7.409299,9.399407682459057e-95,2.0449918865365168e-92
CAF,OLFML3,20.643425,5.4736915,1.1184731051012957e-94,2.4106753971818766e-92
CAF,IGFBP6,20.561323,6.637736,6.094741911142433e-94,1.3014531292108035e-91
CAF,FLNA,20.469484,2.620735,4.028642136966528e-93,8.523719721350648e-91
CAF,DAB2,20.410744,3.2623737,1.3422635609908652e-92,2.814116567597394e-90
CAF,NGFRAP1,20.376753,2.610712,2.689182519715963e-92,5.587200654926986e-90
Endothelial,IGFBP7,40.036186,7.2167835,0.0,0.0
Endothelial,RAMP2,39.257927,7.4949064,0.0,0.0
Endothelial,PLVAP,37.248585,10.332308,1.1169828937810055e-303,8.58661983212585e-300
Endothelial,IFITM3,36.8461,4.516985,3.37683059948482e-297,1.6332475162700773e-293
Endothelial,HSPG2,36.844814,6.992009,3.5409927939252394e-297,1.6332475162700773e-293
Endothelial,SPARCL1,36.798008,6.163483,1.9868589007884943e-296,7.63682332833071e-293
Endothelial,CALCRL,36.67518,8.863093,1.8166212959035406e-294,5.9849886180182076e-291
Endothelial,SPARC,36.102604,5.57069,2.0644715817765973e-285,5.9513554523664856e-282
Endothelial,VWF,34.724846,9.349543,3.32318586706029e-264,8.515479162904936e-261
Endothelial,GNG11,34.695198,5.9868317,9.30784860736883e-264,2.1465760458313994e-260
Endothelial,PECAM1,34.54991,6.8169303,1.4297176042692275e-261,2.997467944514266e-258
Endothelial,FKBP1A,33.63116,3.1359441,5.879682288306392e-248,1.1299769411076836e-244
Endothelial,COL4A1,33.31099,6.2191596,2.6768120209915957e-243,4.748664525239091e-240
Endothelial,COL4A2,33.205406,6.1496625,8.995270963003538e-242,1.4817781353484829e-238
Endothelial,A2M,32.87891,5.354022,4.4006337810090045e-237,6.765827750508644e-234
Endothelial,ENG,32.741558,5.795203,4.003929672386104e-235,5.77116413153552e-232
Endothelial,EGFL7,32.173023,7.3544197,4.209041785564227e-227,5.709936568157778e-224
Endothelial,ADGRL4,31.924593,9.984508,1.2171341018763985e-223,1.559419258748528e-220
Endothelial,VIM,31.687302,3.4040751,2.324446602108345e-220,2.8213888177801397e-217
Endothelial,CRIP2,31.628616,2.7789094,1.4926961611007047e-219,1.7212279433652226e-216
Endothelial,NPDC1,31.602198,3.2649076,3.444071679297753e-219,3.782246717522132e-216
Endothelial,RNASE1,31.573112,4.941568,8.63922542458237e-219,9.056264397350845e-216
Endothelial,IFITM2,31.493462,2.9747653,1.0674964145580547e-217,1.0703740135886026e-214
Endothelial,RAMP3,31.446213,9.980464,4.729175862380248e-217,4.544343905758887e-214
Endothelial,ESAM,31.418127,7.484735,1.1443312538611056e-216,1.0556226950617928e-213
Endothelial,TCF4,31.075535,4.6782527,5.157101003228415e-212,4.574348589863604e-209
Endothelial,CD93,30.99728,6.5699277,5.86538110843163e-211,5.0099044119500085e-208
Endothelial,SPRY1,30.840115,5.036899,7.601208946814236e-209,6.260681454693925e-206
Endothelial,IFI27,30.526741,3.943773,1.1513313046492986e-204,8.850667515940708e-202
Endothelial,EMCN,30.355745,10.841857,2.110019197674419e-202,1.56971815279895e-199
Endothelial,AQP1,29.928255,6.54265,8.443163484358057e-197,6.084882383633297e-194
Endothelial,CLEC14A,29.463163,9.994451,8.539190165494641e-191,5.967600108989013e-188
Endothelial,IGFBP4,29.31864,3.6678913,6.001939119867093e-189,4.0710799994816146e-186
Endothelial,EMP1,29.024817,3.2177544,3.1999492068736326e-185,2.1084922459691347e-182
Endothelial,PDLIM1,28.703882,3.5993452,3.412543309999451e-181,2.1861131615335375e-178
Endothelial,TGFBR2,28.113989,4.3258514,6.608020652982473e-174,4.1187614134886967e-171
Endothelial,TMSB10,27.889788,1.3322102,3.548701174324873e-171,2.1536880653231636e-168
Endothelial,APP,27.879559,2.4347267,4.721731222331733e-171,2.7921170628054986e-168
Endothelial,EPAS1,27.670654,4.2045207,1.575007401336907e-168,9.080705172407937e-166
Endothelial,COL15A1,27.537273,6.4133472,6.2860262004514206e-167,3.5358130788978214e-164
Endothelial,ID1,27.256308,4.6128416,1.3990342104289456e-163,7.682030228788653e-161
Endothelial,PTRF,26.976007,3.4902706,2.8264214294008237e-160,1.5158821163916697e-157
Endothelial,ID3,26.71293,3.39506,3.330786526969044e-157,1.7457863382945475e-154
Endothelial,WWTR1,26.620075,4.135031,3.9757247783047984e-156,2.0375147741614503e-153
Endothelial,STOM,26.430342,3.465145,6.140476683767403e-154,3.0785146365444316e-151
Endothelial,CAV1,26.139542,3.3611953,1.2959604949282338e-150,6.359029985964878e-148
Endothelial,MCTP1,26.109304,5.721927,2.8586374790424576e-150,1.3734561987849408e-147
Endothelial,CD34,26.006712,8.148408,4.157906838765451e-149,1.9569315819512008e-146
Endothelial,TM4SF1,25.876139,2.629529,1.2362923992600005e-147,5.702275062346826e-145
Endothelial,ARHGAP29,25.861004,3.390121,1.8298268168424425e-147,8.274405107847138e-145
Endothelial,CXorf36,25.695633,10.824885,1.3079075098945293e-145,5.800569806382238e-143
Endothelial,ETS2,25.590132,3.50364,1.9646384011221535e-144,8.548771850316811e-142
Endothelial,FLT1,25.121082,6.2083707,2.926696634554888e-139,1.2499162552982375e-136
Endothelial,SOCS3,24.809488,3.0899758,7.08208095604058e-136,2.9165526965751404e-133
Endothelial,CYYR1,24.3642,8.098809,4.0996655386725404e-131,1.6301118388425196e-128
Endothelial,CCDC85B,24.33221,2.5548837,8.945205700131749e-131,3.4382388976073064e-128
Endothelial,CDH5,24.179655,9.474136,3.6422898710956815e-129,1.3770244099542393e-126
Endothelial,NEDD9,23.425507,3.2779114,2.3494736027400794e-121,8.600565115300272e-119
Endothelial,IFITM1,22.803879,3.0129576,4.19635941137112e-115,1.4888683191544734e-112
Endothelial,S1PR1,22.756363,5.8027325,1.2412252998781053e-114,4.337142100877101e-112
Endothelial,VAMP5,22.735949,2.9364293,1.9765294802929782e-114,6.803391473808457e-112
Endothelial,SPTBN1,22.571741,2.957447,8.214630076456225e-113,2.7859676297534334e-110
Endothelial,CD59,22.55389,2.063666,1.2298299434670863e-112,4.1104837907591224e-110
Endothelial,ICAM2,22.230852,4.621355,1.7282284065110112e-109,5.693771930136705e-107
Endothelial,HYAL2,22.015392,4.40639,2.0509012918486762e-107,6.4791624099471465e-105
Endothelial,PLPP1,21.987469,4.1984806,3.795728620877538e-107,1.1671612460623704e-104
Endothelial,NRP1,21.985144,4.496592,3.9953099390266174e-107,1.2123662870241033e-104
Endothelial,ELK3,21.983921,4.2999306,4.1043701300187255e-107,1.2292855056946992e-104
Endothelial,ITM2B,21.95582,1.4147974,7.619415830519874e-107,2.252807280557043e-104
Endothelial,ADAMTS9,21.786896,5.928331,3.088955540838989e-105,8.904686585353595e-103
Endothelial,PODXL,21.692196,4.7980304,2.4310064848913888e-104,6.921465624020396e-102
Endothelial,PALMD,21.637438,4.6238337,7.98157001254189e-104,2.244767897917574e-101
Endothelial,MSN,21.529243,2.6886833,8.287578697453045e-103,2.302748673742917e-100
Endothelial,CLDN5,21.484255,10.406119,2.185429630724286e-102,6.0000450171147e-100
Endothelial,SERPINE1,21.340202,5.0377526,4.808681029470981e-101,1.3046800223724678e-98
Endothelial,PTPRB,21.311338,8.052577,8.911203940897105e-101,2.3896533172670818e-98
Endothelial,PRCP,21.131563,3.4058242,4.07826559724197e-99,1.0567748449842056e-96
Endothelial,PRSS23,21.077978,3.071092,1.2667919670203862e-98,3.2460840381582384e-96
Endothelial,MYL6,20.906258,1.1883693,4.696599377254791e-97,1.19025247075e-94
Endothelial,LAMA4,20.823431,4.0636783,2.6547693115831424e-96,6.58325697459467e-94
Endothelial,SLC2A3,20.801762,2.44877,4.171975565090427e-96,1.0235542604480363e-93
Endothelial,THBD,20.770805,4.03412,7.95143935437628e-96,1.910167649902352e-93
Endothelial,ADAMTS1,20.686676,4.6657,4.5663299955023255e-95,1.085656725322419e-92
Endothelial,YBX3,20.652397,2.5568414,9.289420532230686e-95,2.186047105248001e-92
Endothelial,FAM198B,20.572649,3.757192,4.825688996103542e-94,1.1241418144256555e-91
Endothelial,ACKR1,20.532713,9.405537,1.0986702219228785e-93,2.508666599800537e-91
Endothelial,NDRG1,20.429531,3.429238,9.137405144164971e-93,2.065949386615025e-90
Endothelial,DUSP6,20.3716,2.9823847,2.9876268176179022e-92,6.689383462903308e-90
Endothelial,PRKCDBP,20.366726,3.2230906,3.30022585862718e-92,7.318250841505772e-90
Endothelial,VWA1,20.32217,4.2328377,8.187701979620777e-92,1.7983312671810894e-89
Endothelial,TPM4,20.271578,1.6138384,2.291938374857527e-91,4.9398768972863816e-89
Endothelial,MYCT1,20.174314,11.375807,1.6463303943383378e-90,3.515525143910254e-88
Endothelial,PCDH17,20.08074,9.67969,1.0876362552830798e-89,2.3011988366365493e-87
Endothelial,SRP14,19.987404,1.1767405,7.089013238450665e-89,1.4862438482286294e-86
Endothelial,TGM2,19.943302,4.9550753,1.7137074901403402e-88,3.5604974898753625e-86
Endothelial,TIE1,19.941505,9.460959,1.776353321621179e-88,3.657701812788181e-86
Endothelial,ITGA5,19.915184,4.2257094,3.0054174376615287e-88,6.1337112342787764e-86
Endothelial,MMRN2,19.864912,8.128316,8.189643770727107e-88,1.6567505670220046e-85
Endothelial,GJA1,19.793547,4.4459114,3.383657624137616e-87,6.785557576335799e-85
Endothelial,INSR,19.781107,4.610967,4.330838828638286e-87,8.610155609142773e-85
Epithelial,KRT19,94.31637,7.527866,0.0,0.0
Epithelial,CD24,92.69998,6.113804,0.0,0.0
Epithelial,CALML5,90.99397,6.366782,0.0,0.0
Epithelial,KRT18,90.46165,6.660922,0.0,0.0
Epithelial,KRT8,88.776306,6.534556,0.0,0.0
Epithelial,S100A14,88.60549,7.1935387,0.0,0.0
Epithelial,ELF3,87.48398,6.9391017,0.0,0.0
Epithelial,CLDN4,87.10379,6.7100773,0.0,0.0
Epithelial,MGST1,86.72457,5.440378,0.0,0.0
Epithelial,SPINT2,85.804756,4.469073,0.0,0.0
Epithelial,KRT7,85.179146,6.0973663,0.0,0.0
Epithelial,FXYD3,81.29169,6.4969416,0.0,0.0
Epithelial,AZGP1,80.80797,6.9965644,0.0,0.0
Epithelial,PERP,80.50358,4.3677425,0.0,0.0
Epithelial,TACSTD2,78.23339,4.8496466,0.0,0.0
Epithelial,CRABP2,78.13691,5.3529577,0.0,0.0
Epithelial,TSTD1,78.023056,3.88908,0.0,0.0
Epithelial,S100A16,77.21248,3.994602,0.0,0.0
Epithelial,CLDN7,75.781746,6.2532554,0.0,0.0
Epithelial,SCGB2A2,75.55555,7.2502446,0.0,0.0
Epithelial,S100A13,74.77769,3.7127407,0.0,0.0
Epithelial,CLDN3,74.15084,7.269525,0.0,0.0
Epithelial,SMIM22,73.51197,6.7321706,0.0,0.0
Epithelial,ZG16B,73.00925,5.656456,0.0,0.0
Epithelial,CD9,71.61987,3.2429655,0.0,0.0
Epithelial,TM4SF1,70.96352,3.7734826,0.0,0.0
Epithelial,DSTN,70.71464,2.9620633,0.0,0.0
Epithelial,RAB25,70.46343,6.2899795,0.0,0.0
Epithelial,DSP,70.456024,5.5838194,0.0,0.0
Epithelial,S100A1,70.201256,7.206922,0.0,0.0
Epithelial,EMP2,69.04006,3.4850254,0.0,0.0
Epithelial,EFNA1,69.00363,4.5373597,0.0,0.0
Epithelial,MAL2,68.65806,6.08956,0.0,0.0
Epithelial,MUC1,67.720184,6.270654,0.0,0.0
Epithelial,DCXR,67.03248,3.0881362,0.0,0.0
Epithelial,SOX9,66.70906,5.772347,0.0,0.0
Epithelial,CYB5A,66.439575,3.0397592,0.0,0.0
Epithelial,STRA13,66.04612,3.176369,0.0,0.0
Epithelial,TSPAN13,65.6001,3.3408952,0.0,0.0
Epithelial,GATA3,65.280495,3.6280897,0.0,0.0
Epithelial,TRPS1,65.26785,3.9023194,0.0,0.0
Epithelial,SPTSSA,64.80753,3.070197,0.0,0.0
Epithelial,ENAH,64.48679,3.7717948,0.0,0.0
Epithelial,EPCAM,63.94514,5.016778,0.0,0.0
Epithelial,SCGB1D2,63.901886,6.7952456,0.0,0.0
Epithelial,ATP1B1,63.36036,3.5513983,0.0,0.0
Epithelial,S100A11,63.201782,2.3166492,0.0,0.0
Epithelial,MGP,63.135227,3.6260471,0.0,0.0
Epithelial,PPDPF,62.64334,2.3364546,0.0,0.0
Epithelial,TNFRSF12A,62.393208,3.369307,0.0,0.0
Epithelial,SRP9,62.03214,2.49614,0.0,0.0
Epithelial,TMED3,61.95732,2.9827838,0.0,0.0
Epithelial,TOMM20,61.657806,2.2411482,0.0,0.0
Epithelial,AGR2,61.608303,6.7657223,0.0,0.0
Epithelial,GGCT,60.925694,3.1952016,0.0,0.0
Epithelial,PAFAH1B3,60.90768,3.4851253,0.0,0.0
Epithelial,NET1,60.835827,3.3273466,0.0,0.0
Epithelial,APOA1BP,60.76492,3.0308883,0.0,0.0
Epithelial,ANAPC11,60.649998,2.3107135,0.0,0.0
Epithelial,PYCARD,60.621677,2.9673328,0.0,0.0
Epithelial,NME4,60.518494,2.985163,0.0,0.0
Epithelial,MRPS34,60.225376,2.7169123,0.0,0.0
Epithelial,SCGB2A1,60.177113,6.4553943,0.0,0.0
Epithelial,NUPR1,60.13159,2.7612984,0.0,0.0
Epithelial,PIP,59.288174,6.915241,0.0,0.0
Epithelial,SERINC2,59.228577,4.475879,0.0,0.0
Epithelial,MTA1,58.803513,3.9326017,0.0,0.0
Epithelial,PRDX2,58.76394,2.5776513,0.0,0.0
Epithelial,PRSS8,58.594116,6.7257533,0.0,0.0
Epithelial,GPRC5A,58.573215,4.470785,0.0,0.0
Epithelial,CRIP2,58.330166,2.5007925,0.0,0.0
Epithelial,NDUFB10,57.962093,2.2544975,0.0,0.0
Epithelial,SERF2,57.732845,1.3726926,0.0,0.0
Epithelial,TCEB2,57.636032,2.0568776,0.0,0.0
Epithelial,PEBP1,57.555527,2.133832,0.0,0.0
Epithelial,CCND1,57.337727,3.5194514,0.0,0.0
Epithelial,XBP1,56.87587,2.3735745,0.0,0.0
Epithelial,MT-CO3,56.749313,1.0955292,0.0,0.0
Epithelial,CRACR2B,56.70467,4.659887,0.0,0.0
Epithelial,NDUFAB1,56.587936,2.290727,0.0,0.0
Epithelial,PGRMC1,56.36218,2.6122413,0.0,0.0
Epithelial,MLPH,56.26958,6.0946445,0.0,0.0
Epithelial,SCCPDH,56.016792,3.5713248,0.0,0.0
Epithelial,SPDEF,55.96888,6.916994,0.0,0.0
Epithelial,ADIRF,55.95105,2.9392357,0.0,0.0
Epithelial,UQCRQ,55.883247,2.2459648,0.0,0.0
Epithelial,NENF,55.649197,2.6405191,0.0,0.0
Epithelial,PPP1R1B,55.552643,6.355988,0.0,0.0
Epithelial,EIF3H,55.433456,2.0898864,0.0,0.0
Epithelial,NDUFB9,55.354298,2.1288736,0.0,0.0
Epithelial,JUP,55.156242,3.9642153,0.0,0.0
Epithelial,ALDOA,55.12392,1.9214921,0.0,0.0
Epithelial,CLU,55.025623,3.8796537,0.0,0.0
Epithelial,FASN,54.95567,4.252979,0.0,0.0
Epithelial,PHLDA2,54.616127,2.691019,0.0,0.0
Epithelial,PYCR1,54.449177,4.244627,0.0,0.0
Epithelial,MRPL55,54.40169,2.6034436,0.0,0.0
Epithelial,ASPH,54.379177,2.6186204,0.0,0.0
Epithelial,C1QBP,54.336975,2.2012897,0.0,0.0
Epithelial,KRTCAP3,54.17352,5.267864,0.0,0.0
Myeloid,TYROBP,56.17617,8.065897,0.0,0.0
Myeloid,FTL,55.617554,3.7832518,0.0,0.0
Myeloid,FCER1G,53.02245,7.4318824,0.0,0.0
Myeloid,LYZ,52.93399,8.93051,0.0,0.0
Myeloid,HLA-DRA,52.770054,5.4555616,0.0,0.0
Myeloid,CD74,50.807602,4.9978547,0.0,0.0
Myeloid,CST3,50.714203,4.254644,0.0,0.0
Myeloid,AIF1,50.144924,9.060551,0.0,0.0
Myeloid,PSAP,49.662025,3.7632432,0.0,0.0
Myeloid,HLA-DPB1,49.61654,4.6800556,0.0,0.0
Myeloid,SAT1,49.565266,3.6789117,0.0,0.0
Myeloid,HLA-DPA1,49.429077,4.873297,0.0,0.0
Myeloid,GPX1,47.308273,3.082283,0.0,0.0
Myeloid,NPC2,47.277668,3.3442228,0.0,0.0
Myeloid,HLA-DRB5,46.410427,4.7840705,0.0,0.0
Myeloid,HLA-DRB1,46.211876,4.758501,0.0,0.0
Myeloid,CTSB,45.71665,3.8513224,0.0,0.0
Myeloid,FTH1,44.120502,1.9074873,0.0,0.0
Myeloid,LAPTM5,43.54704,3.9587705,0.0,0.0
Myeloid,PLAUR,43.06659,4.1400137,0.0,0.0
Myeloid,CTSS,42.616333,4.710516,0.0,0.0
Myeloid,MS4A6A,42.1753,8.334589,0.0,0.0
Myeloid,HLA-DQA1,41.94209,4.5663357,0.0,0.0
Myeloid,HLA-DQB1,41.307274,3.9468863,0.0,0.0
Myeloid,C1QA,41.018696,9.419786,0.0,0.0
Myeloid,CD68,40.758827,6.6930046,0.0,0.0
Myeloid,C1QB,40.681175,9.35955,0.0,0.0
Myeloid,SRGN,40.53894,3.854587,0.0,0.0
Myeloid,LST1,40.41242,7.051691,0.0,0.0
Myeloid,TMSB4X,40.25712,1.639696,0.0,0.0
Myeloid,C1QC,39.528576,9.517639,0.0,0.0
Myeloid,SOD2,39.056053,3.2546237,0.0,0.0
Myeloid,TYMP,38.97309,3.2303958,0.0,0.0
Myeloid,RGS1,38.577644,3.834349,0.0,0.0
Myeloid,HLA-DMA,38.461533,3.4371326,0.0,0.0
Myeloid,SGK1,38.38522,3.742656,0.0,0.0
Myeloid,GRN,38.133183,2.8753963,0.0,0.0
Myeloid,FCGR2A,37.86858,7.091815,0.0,0.0
Myeloid,HLA-DQA2,37.258266,3.7795105,7.785100845927168e-304,4.6035896335582655e-301
Myeloid,ITGB2,37.20169,3.9859955,6.407644606843536e-303,3.6943274980756406e-300
Myeloid,TMSB10,36.88792,1.2565643,7.217959134591211e-298,3.963346989570059e-295
Myeloid,C1orf162,36.448452,4.92531,7.279205835866459e-291,3.904024302017495e-288
Myeloid,LGALS1,35.807365,2.490373,8.481780273586301e-281,4.4456094697601653e-278
Myeloid,FCGRT,35.096638,2.960103,7.585530580741283e-270,3.887500138956788e-267
Myeloid,RGS2,35.094448,3.4226854,8.191809702396319e-270,4.106945986014433e-267
Myeloid,SPI1,35.022755,7.2237396,1.0135970733174561e-268,4.973526745712164e-266
Myeloid,FCGR3A,34.97372,6.6849055,5.646686993266917e-268,2.7129978216400343e-265
Myeloid,APOE,34.860985,6.545148,2.9024909228149383e-266,1.366066237999145e-263
Myeloid,CYBB,34.79863,6.032768,2.551119285461967e-265,1.1766782592264775e-262
Myeloid,OAZ1,34.66382,1.3236786,2.7659191696998978e-263,1.2507378017964516e-260
Myeloid,FGL2,34.593323,5.659653,3.1838033219270886e-262,1.4120167732746637e-259
Myeloid,CYBA,34.416225,2.5562894,1.4421052292577247e-259,6.275062414555027e-257
Myeloid,GLUL,34.269306,2.447856,2.2498444374579774e-257,9.433802257573796e-255
Myeloid,TNFSF13B,33.912132,4.533916,4.413383385969345e-252,1.8175258508433042e-249
Myeloid,CTSZ,33.34757,3.0532184,7.90012136946204e-244,3.1412517072850614e-241
Myeloid,PLEK,33.314304,6.009369,2.396707855857834e-243,9.36828416471074e-241
Myeloid,VIM,33.295605,2.7579243,4.469915888767156e-243,1.6712723771935061e-240
Myeloid,ARPC3,33.295452,1.6287522,4.493057297112019e-243,1.6712723771935061e-240
Myeloid,SH3BGRL3,33.2902,1.7682917,5.352471763385948e-243,1.9593445048762974e-240
Myeloid,RNF130,33.104843,3.2791376,2.5313145818249984e-240,9.121433888445018e-238
Myeloid,OLR1,32.84889,9.660376,1.1813968881277218e-236,4.176906696969272e-234
Myeloid,FYB,32.84853,3.188149,1.1953683201802616e-236,4.176906696969272e-234
Myeloid,EMP3,32.68324,2.9394925,2.702720985885163e-234,9.303007668131884e-232
Myeloid,CLEC7A,32.670444,5.010493,4.107008855895337e-234,1.3928799740390922e-231
Myeloid,CD83,32.456516,3.555295,4.3833691366381734e-231,1.4650617250601386e-228
Myeloid,APOC1,32.446323,7.4745708,6.103374683285197e-231,2.01080038494176e-228
Myeloid,CD14,32.34286,5.295595,1.7480485086324067e-229,5.677957000856418e-227
Myeloid,CTSL,32.32026,4.152197,3.632725426534978e-229,1.1635821359270786e-226
Myeloid,MAFB,32.28648,2.9182637,1.0828768114815048e-228,3.4210006885460904e-226
Myeloid,MS4A7,32.108944,4.382848,3.307661020696399e-226,1.0170837127906714e-223
Myeloid,CCL3,31.551718,6.0969863,1.698370752864855e-218,5.153661355601222e-216
Myeloid,HLA-DMB,31.406895,3.5739305,1.629070197146444e-216,4.816617549562986e-214
Myeloid,MSR1,31.228222,8.989678,4.411197869524382e-214,1.2877347502148266e-211
Myeloid,C15orf48,31.123579,4.056119,1.1556518068303811e-212,3.2502002401368595e-210
Myeloid,MARCKS,31.083406,3.2098927,4.0367379844124314e-212,1.1216295348978252e-209
Myeloid,C5AR1,30.967567,8.605363,1.4739670968866857e-210,3.95263130097683e-208
Myeloid,ZEB2,30.783587,3.5193498,4.346041377075372e-208,1.152050646415083e-205
Myeloid,COTL1,30.547928,2.2648137,6.02457912077169e-205,1.5788504964004173e-202
Myeloid,MNDA,30.366974,6.2375526,1.4999255433084475e-202,3.843475875531046e-200
Myeloid,LCP1,30.145428,2.966178,1.2313766837297752e-199,3.053549363459793e-197
Myeloid,HMOX1,29.902224,5.137918,1.8411268360317303e-196,4.4694807465856587e-194
Myeloid,ANXA5,29.871944,2.1750424,4.55549786343983e-196,1.0943634554859309e-193
Myeloid,SPP1,29.763268,6.1767607,1.1679483855416135e-194,2.7768273883877003e-192
Myeloid,TREM2,29.752254,9.413187,1.6214995839025232e-194,3.815818714689795e-192
Myeloid,CXCL16,29.449022,3.1131124,1.2958066075802594e-190,2.901348736312228e-188
Myeloid,IFI30,29.44107,5.7439985,1.6380307394079209e-190,3.6323331646370645e-188
Myeloid,SERPINA1,29.38739,4.6677747,7.958810981204469e-190,1.7480580842717852e-187
Myeloid,NAMPT,29.30793,2.1299791,8.218663562474777e-189,1.788102066771635e-186
Myeloid,TGFBI,29.163181,3.8482466,5.685634767616405e-187,1.2254402711286873e-184
Myeloid,RAB31,28.981434,3.3873734,1.1278051593775049e-184,2.36449478050582e-182
Myeloid,SAMHD1,28.96712,3.283406,1.7083589259325705e-184,3.5493850044916165e-182
Myeloid,RNASET2,28.809637,2.1439192,1.624452316634791e-182,3.3153202943567743e-180
Myeloid,CD86,28.600714,6.5574937,6.582880734259897e-180,1.3317052236272081e-177
Myeloid,MGAT1,28.574348,2.8755884,1.400077781228436e-179,2.807703807886103e-177
Myeloid,LY96,28.548412,3.7689452,2.939410725461878e-179,5.79390514107708e-177
Myeloid,GPR183,28.544168,3.0999467,3.318412227717051e-179,6.485527355560223e-177
Myeloid,LILRB4,28.3513,7.17932,8.066907848119482e-177,1.5375126346556322e-174
Myeloid,FAM26F,28.287544,5.188944,4.9183057107399075e-176,9.297210352547848e-174
Myeloid,BCL2A1,28.018646,4.4702964,9.631582565480412e-173,1.786122871420378e-170
Myeloid,CTSH,27.949188,2.6636844,6.743827326116883e-172,1.2343344904357742e-169
PVL,CALD1,29.762892,5.8801765,1.1811179280830565e-194,2.7238941657451445e-190
PVL,IGFBP7,29.59151,7.084831,1.9216336936421226e-192,2.2158358121387313e-188
PVL,TAGLN,28.58036,7.5240264,1.1787789156575507e-179,9.061666450964812e-176
PVL,TPM2,27.025278,5.6396585,7.459286021912126e-161,4.300651355933436e-157
PVL,MYL9,26.788443,6.159224,4.405959070910712e-158,2.0322045618668566e-154
PVL,SPARCL1,26.62657,5.6992326,3.34355888776622e-156,1.2851525844944096e-152
PVL,ACTA2,26.45963,7.6070943,2.8272545121531604e-154,9.314591937039455e-151
PVL,IFITM3,26.09145,4.2282805,4.558626635637732e-150,1.3141380933884671e-146
PVL,COL18A1,23.924124,5.791605,1.7184681192631047e-126,4.4034790851606356e-123
PVL,SPARC,23.898352,5.027858,3.1860874396774394e-126,7.34775485338411e-123
PVL,LHFP,23.086975,5.991417,6.258374944862789e-118,1.3120967543493241e-114
PVL,COL4A2,22.678852,5.329134,7.245555677975244e-114,1.3924750420455424e-110
PVL,TPM1,22.657446,3.661941,1.1782033812106979e-113,2.090132798267778e-110
PVL,COL4A1,22.367355,5.4573846,8.184653321642367e-111,1.3482462493122591e-107
PVL,MYL6,22.31218,1.8369741,2.8144505756774436e-110,4.32712394508488e-107
PVL,BGN,22.287518,5.155933,4.8833688894599053e-110,7.03876583304527e-107
PVL,NDUFA4L2,22.06331,9.590467,7.117751479708426e-108,9.655857919119748e-105
PVL,CAV1,21.869705,3.7512202,5.04822921918363e-106,6.467903458489604e-103
PVL,VIM,21.533993,3.0804667,7.480431789903871e-103,9.079669365198056e-100
PVL,TIMP1,21.385208,2.789423,1.8346968417854628e-101,2.115588928262817e-98
PVL,COL1A2,20.941494,4.928319,2.2431836975706942e-97,2.3514682924261524e-94
PVL,NOTCH3,20.784634,5.0367303,5.961750208458244e-96,5.977821013368001e-93
PVL,IFITM2,20.717287,2.538601,2.419380140866468e-95,2.3248227003609372e-92
PVL,MCAM,20.632736,5.584562,1.395257946352624e-94,1.2870975503513688e-91
PVL,COL1A1,20.373234,4.711969,2.889545625178812e-92,2.5630269695336065e-89
PVL,COL6A2,20.232315,4.4672484,5.085725585448221e-91,4.343963090800254e-88
PVL,PDGFRB,20.225962,6.243537,5.785084316323577e-91,4.7648433751090834e-88
PVL,A2M,20.032091,4.1777096,2.8925253359426613e-89,2.3002558378451607e-86
PVL,COL3A1,19.734243,4.8589664,1.095766866636361e-86,8.42352515945592e-84
PVL,ADAMTS1,19.539848,5.1593423,5.033170603520018e-85,3.744354208334795e-82
PVL,SOD3,18.99065,6.1323113,2.03790156137757e-80,1.4686901815152974e-77
PVL,ID3,18.686735,3.1823215,6.3481707674398875e-78,4.436409522384809e-75
PVL,PHLDA1,18.663721,3.2257931,9.768509091091804e-78,6.625922254669388e-75
PVL,RGS5,18.661263,8.8557625,1.0228731297018105e-77,6.739857176338044e-75
PVL,MYLK,18.507027,5.900594,1.812310822482976e-76,1.160986449669511e-73
PVL,PPP1R14A,18.505047,7.4732175,1.8801245960532606e-76,1.1718765793021701e-73
PVL,LGALS1,18.279566,2.3472924,1.2038155605924195e-74,7.305893278521679e-72
PVL,C11orf96,18.143818,5.657811,1.4369198583036988e-73,8.496986095435872e-71
PVL,SERPING1,17.77607,3.7697127,1.0831054507545656e-70,6.092336074463852e-68
PVL,FN1,17.770075,3.2721758,1.2052920341985837e-70,6.618201164925651e-68
PVL,MAP1B,17.627651,4.4697943,1.51114392810906e-69,8.104651458151428e-67
PVL,NNMT,17.472076,3.8063025,2.338298822333451e-68,1.1983521653478676e-65
PVL,CRISPLD2,17.460243,4.9498377,2.87706231204652e-68,1.4424089356612358e-65
PVL,PLAC9,17.358152,5.0421677,1.7114566934705562e-67,8.397790269110205e-65
PVL,MT2A,17.27596,2.933038,7.137539044368414e-67,3.429290113358841e-64
PVL,ADIRF,17.274527,2.752558,7.317201650040111e-67,3.4438633561882665e-64
PVL,PRKCDBP,17.227768,3.6983154,1.643705856658248e-66,7.581428893250502e-64
PVL,FILIP1L,17.015947,4.3306065,6.255264673338528e-65,2.7742098826256375e-62
PVL,CST3,16.830683,2.330677,1.454159332005921e-63,6.327513682022746e-61
PVL,CPE,16.534096,4.838426,2.0848197135825678e-61,8.435107409586172e-59
PVL,ITGB1,16.51423,2.3606467,2.898297574622069e-61,1.1524230804471407e-58
PVL,TPM4,16.46368,1.9144988,6.690579646221332e-61,2.571635796685939e-58
PVL,PTP4A3,16.411516,4.468757,1.582057290023094e-60,5.981213970903704e-58
PVL,IGFBP4,15.957762,2.7772055,2.5159440094341485e-57,9.35850012025328e-55
PVL,EPS8,15.911994,4.0261087,5.232037837358351e-57,1.9152580413517188e-54
PVL,PTRF,15.812735,3.000638,2.541886678658444e-56,9.159529778628286e-54
PVL,MFGE8,15.568772,2.7535923,1.1866373778747882e-54,4.08451212067886e-52
PVL,CNN3,15.455558,2.6094205,6.921026646295439e-54,2.347245831130374e-51
PVL,SEPT7,15.124914,2.1234844,1.1094535364986329e-51,3.50496129571664e-49
PVL,SERPINF1,15.02288,3.633993,5.199865519413021e-51,1.6205310622797714e-48
PVL,EPAS1,15.0190935,3.3410823,5.505565000703221e-51,1.6929245339495693e-48
PVL,MYH11,14.921197,7.7855463,2.3993077285512973e-50,7.186082446214287e-48
PVL,DSTN,14.888037,1.6385367,3.941766618023424e-50,1.1654489967289256e-47
PVL,PRRX1,14.827998,4.331585,9.657073238693406e-50,2.8191319370980675e-47
PVL,PCOLCE,14.701408,4.0392346,6.313263010886734e-49,1.7332913280603555e-46
PVL,JAG1,14.306545,4.538452,1.9916318105329003e-46,5.279426760288476e-44
PVL,SELM,14.183923,1.7032499,1.1522220029908528e-45,2.9525048703305608e-43
PVL,ITGA1,14.168181,5.0459523,1.441867916598804e-45,3.654105262923255e-43
PVL,DKK3,14.104808,5.433918,3.547548204655121e-45,8.797156633952301e-43
PVL,TGFB1I1,14.083781,4.251473,4.778310918206834e-45,1.1723128339966596e-42
PVL,COL6A1,14.074602,3.7216449,5.441042184268926e-45,1.3208559458274734e-42
PVL,ANGPT2,13.991736,4.831734,1.7508364507367728e-44,4.16265878627747e-42
PVL,LPP,13.98529,2.5456824,1.9169488521139152e-44,4.51108922729093e-42
PVL,ADAMTS4,13.743471,4.740945,5.573824544074629e-43,1.2479955498587292e-40
PVL,OLFML2B,13.706832,4.8905783,9.240471272522168e-43,2.029559509399107e-40
PVL,COL5A2,13.6897,3.9022224,1.1699135191781205e-42,2.5453344886118695e-40
PVL,TINAGL1,13.653778,3.6476524,1.916763339736477e-42,4.131251975794638e-40
PVL,MYH9,13.52772,2.1494281,1.0730001412341497e-41,2.2293269601028794e-39
PVL,AEBP1,13.492617,3.5164473,1.7285595455846248e-41,3.496845635111633e-39
PVL,GJA4,13.384694,5.936466,7.430247277089328e-41,1.490055327862905e-38
PVL,GSN,13.313569,2.0230653,1.930366820633898e-40,3.8377689325395655e-38
PVL,EGR1,13.29795,2.3198433,2.3790399151754894e-40,4.689352010579243e-38
PVL,LAMA4,13.278056,3.7305083,3.1034705651395114e-40,6.065443912987069e-38
PVL,FLNA,13.249679,2.5821006,4.531383091173887e-40,8.781744272995981e-38
PVL,EDNRA,13.119533,5.8999934,2.54499231906992e-39,4.810869906753319e-37
PVL,TFPI,13.111329,4.526838,2.835861447582637e-39,5.317124935296812e-37
PVL,STOM,12.896683,2.3753903,4.6989550504336857e-38,8.600579474055688e-36
PVL,EBF1,12.812562,4.7999415,1.3945275071295227e-37,2.51254635698602e-35
PVL,PTMA,12.695984,0.62390494,6.224247959299072e-37,1.0792752363710917e-34
PVL,SEPT4,12.686941,6.024314,6.986130066579418e-37,1.2023442656377203e-34
PVL,PGF,12.677131,5.187808,7.917752083206639e-37,1.3525866558734184e-34
PVL,MEF2C,12.661684,3.151359,9.640933396035987e-37,1.6348471027895731e-34
PVL,MT1E,12.643691,4.2396092,1.2122730622923094e-36,2.011326716732751e-34
PVL,PDLIM3,12.521304,2.9581366,5.7089470042360197e-36,9.40426684369222e-34
PVL,CSRP2,12.515681,4.314883,6.127958088222257e-36,1.0022905633374587e-33
PVL,THY1,12.383858,4.091093,3.1960426619660984e-35,5.083250749673252e-33
PVL,TGFBI,12.3013935,2.9916394,8.902456534068084e-35,1.3687230172578545e-32
PVL,CSRP1,12.245171,2.4488037,1.7830260311542356e-34,2.7231884987072174e-32
PVL,HSPB1,12.198205,1.5879318,3.1775181460290044e-34,4.821047597613217e-32
PVL,COL14A1,12.1413355,4.945284,6.37761945062987e-34,9.550692192884808e-32
Plasmablast,SSR4,24.314451,3.388496,1.378856414273319e-130,3.179918662597128e-126
Plasmablast,MZB1,23.91034,7.9248123,2.3909711284417294e-126,2.757028808206158e-122
Plasmablast,JCHAIN,23.106714,8.660575,3.963534432936335e-118,3.0469010364125923e-114
Plasmablast,DERL3,20.403687,8.108411,1.5507143993993402e-92,2.980214623245632e-89
Plasmablast,IGHG1,18.11872,8.084799,2.268148255793816e-73,1.687355970165064e-70
Plasmablast,XBP1,18.039959,2.5409758,9.461442206516475e-73,6.612114550505544e-70
Plasmablast,ITM2C,17.62747,4.0311394,1.516001033331057e-69,9.200530481758115e-67
Plasmablast,IGHG3,17.5978,6.077544,2.5608169564815e-69,1.514296426932727e-66
Plasmablast,FKBP11,17.341974,3.9484198,2.2681113514493284e-67,1.2454091425505812e-64
Plasmablast,SEC11C,16.720818,2.7516584,9.244308007028168e-63,4.3508618624098696e-60
Plasmablast,HERPUD1,16.147112,2.440145,1.1900645360803926e-58,4.900940773408217e-56
Plasmablast,IGHG4,14.15358,5.641552,1.7748704233707226e-45,3.935775163824578e-43
Plasmablast,IGKC,14.019848,5.429017,1.1786655698702569e-44,2.5168875344766538e-42
Plasmablast,IGHG2,13.764544,9.790786,4.1650569193413005e-43,8.28056402360768e-41
Plasmablast,CD79A,13.695791,3.6428173,1.0758177945630687e-42,2.0849168048918898e-40
Plasmablast,IGLC2,13.488333,6.022755,1.8319622111497595e-41,3.3266702766563583e-39
Plasmablast,PIM2,13.117943,3.1842077,2.5989496902933998e-39,4.133584672934233e-37
Plasmablast,CYBA,11.814472,1.7366431,3.286057529464992e-32,3.714855820809884e-30
Plasmablast,SEC61B,10.160014,1.3325384,2.9903377003636995e-24,2.0463848084803454e-22
Plasmablast,POU2AF1,9.931784,4.5820584,3.027905464396842e-23,1.9236792236892555e-21
Plasmablast,FKBP2,9.881282,1.3665552,5.018656980755268e-23,3.1536857572255586e-21
Plasmablast,TNFRSF17,9.669177,8.006591,4.0764327183349484e-22,2.4043655076787875e-20
Plasmablast,FCRL5,9.483205,4.814545,2.465914616530506e-21,1.3836533273417673e-19
Plasmablast,HSP90B1,9.439635,1.1717274,3.740778437879136e-21,2.063871586946618e-19
Plasmablast,JSRP1,9.429267,7.9729767,4.1296661790841544e-21,2.2729919193804e-19
Plasmablast,CD27,9.400318,2.8465762,5.439809139386999e-21,2.958794301239221e-19
Plasmablast,IGHGP,9.364001,9.662675,7.677280984351098e-21,4.127120141284499e-19
Plasmablast,CD74,9.209305,1.5206647,3.282447332859849e-20,1.6859643739513105e-18
Plasmablast,SSR3,9.145964,1.2066314,5.910055417371084e-20,2.9889846060397355e-18
Plasmablast,PRDX4,9.110319,1.4858582,8.214033283765285e-20,4.082586973926617e-18
Plasmablast,RGS1,8.8529215,1.8608549,8.525732839169955e-19,3.91674204655254e-17
Plasmablast,CD38,8.831847,4.002104,1.0296076662987672e-18,4.6926505929213774e-17
Plasmablast,IGLL5,8.733677,9.642389,2.4652503715283076e-18,1.0788160164741144e-16
Plasmablast,ISG20,8.540226,1.4519383,1.3395980253012727e-17,5.487355179306919e-16
Plasmablast,SLAMF7,8.487406,4.0947976,2.1130171872300195e-17,8.579296192235689e-16
Plasmablast,SEL1L3,8.359295,3.6683872,6.309407721385924e-17,2.4704169927097145e-15
Plasmablast,IGLV3-1,7.6477065,7.7471447,2.0459584288937356e-14,6.437093217891859e-13
Plasmablast,SPCS3,7.511244,1.3777161,5.856826610875205e-14,1.749613151554456e-12
Plasmablast,SPAG4,7.4837413,4.132344,7.223622037399746e-14,2.1440305202897416e-12
Plasmablast,IGLV2-14,7.47859,7.418939,7.512419267113673e-14,2.224023275201226e-12
Plasmablast,RP11-16E12.2,7.44397,8.582413,9.77035059373192e-14,2.8594394085361108e-12
Plasmablast,GAS6,7.147181,2.193859,8.857817833027087e-13,2.3372882707696876e-11
Plasmablast,IRF4,7.094293,3.6326044,1.3001430077815856e-12,3.372766934247348e-11
Plasmablast,UBE2J1,7.018718,1.4782565,2.2391368495776495e-12,5.6436037185748364e-11
Plasmablast,IGHV1-69,6.9962654,9.920379,2.6287571224628167e-12,6.568190331336672e-11
Plasmablast,KLF13,6.901187,2.4359791,5.156989767765297e-12,1.2518999792021398e-10
Plasmablast,SPCS1,6.8957334,0.7558094,5.35876684105968e-12,1.2995150461463548e-10
Plasmablast,SPCS2,6.78537,0.93450844,1.1578943716386517e-11,2.694587285442037e-10
Plasmablast,MEI1,6.687426,3.4278326,2.271299331866927e-11,5.07073622376719e-10
Plasmablast,IGHV1-69-2,6.581382,9.683121,4.660960057190502e-11,9.962100170428857e-10
Plasmablast,SELK,6.4780183,0.8023177,9.293523515208172e-11,1.932617126309566e-09
Plasmablast,RP11-290F5.1,6.3857627,9.231909,1.7054504971222634e-10,3.4260539516231395e-09
Plasmablast,IRF7,6.299146,2.0964217,2.992897769002983e-10,5.8246589323836955e-09
Plasmablast,FAM46C,6.262619,1.8398501,3.785652070344187e-10,7.287538234246883e-09
Plasmablast,ST6GALNAC4,6.1706576,2.677773,6.80064701997142e-10,1.2587200768425432e-08
Plasmablast,IGLV2-8,6.1146193,7.353191,9.678790431923214e-10,1.7548134036243172e-08
Plasmablast,IGLV2-23,5.8421474,8.222699,5.153215020430312e-09,8.5070468719516e-08
Plasmablast,IGHA1,5.8329377,3.695722,5.44598278951394e-09,8.964686302053567e-08
Plasmablast,ARSA,5.813729,1.9200829,6.109630403781429e-09,1.0003537205060778e-07
Plasmablast,ZBP1,5.79552,3.5519319,6.8109830828878625e-09,1.1046054279715885e-07
Plasmablast,NCF1,5.792167,1.6849962,6.94839152082939e-09,1.123729349602857e-07
Plasmablast,HSH2D,5.767404,2.6666677,8.050194299923535e-09,1.2901569210898997e-07
Plasmablast,SDF2L1,5.7532115,1.0827256,8.756382891391408e-09,1.3994435359755274e-07
Plasmablast,IGHM,5.678535,3.6307058,1.3585311183928066e-08,2.1255389859141726e-07
Plasmablast,NPC2,5.5777845,0.7886516,2.436008660348758e-08,3.6718452107818995e-07
Plasmablast,THEMIS2,5.538367,2.3205273,3.053052401196472e-08,4.539619244125921e-07
Plasmablast,PNOC,5.5225024,5.057554,3.342055742049512e-08,4.953373362670042e-07
Plasmablast,VIMP,5.5086627,0.9235895,3.615699833647459e-08,5.32472985718887e-07
Plasmablast,IGHV3-33,5.4768076,7.7916474,4.330681350017386e-08,6.325153470177388e-07
Plasmablast,DNAJB9,5.4731607,1.2071909,4.4207924664566794e-08,6.452678219077465e-07
Plasmablast,LY96,5.437541,1.4959515,5.4020989608209e-08,7.801077409796593e-07
Plasmablast,IGLV6-57,5.28013,7.221677,1.2909242475454823e-07,1.7461170086154787e-06
Plasmablast,IGLC3,5.275651,3.5780172,1.3228560657198194e-07,1.7840764086333612e-06
Plasmablast,RAB30,5.2267213,2.431835,1.725424532348582e-07,2.2881966972411153e-06
Plasmablast,GYPC,5.155053,0.91413796,2.5355918759927906e-07,3.257705840899484e-06
Plasmablast,PLPP5,5.152566,1.3086367,2.5694647011476284e-07,3.2957171823062633e-06
Plasmablast,IGHV3-23,5.0902753,7.440151,3.575440951609847e-07,4.4720242839649465e-06
Plasmablast,CRELD2,5.047404,1.1788605,4.4785411738751036e-07,5.508486216101741e-06
Plasmablast,CPNE5,5.002507,4.0380993,5.658944887842575e-07,6.84355464097669e-06
Plasmablast,IGLV2-11,4.9713492,7.739087,6.648849630619566e-07,7.963794487426333e-06
Plasmablast,EMP3,4.9587617,0.6889743,7.094384745697499e-07,8.464081790236717e-06
Plasmablast,LINC01480,4.918453,4.031039,8.72307077441187e-07,1.0290100163656601e-05
Plasmablast,GNG7,4.9044876,2.3644636,9.3671463312701e-07,1.0988053341391204e-05
Plasmablast,C1orf186,4.8557596,4.0740323,1.199261854585125e-06,1.3787326465823608e-05
Plasmablast,CTSS,4.7845283,0.6510877,1.7138930644929165e-06,1.9113056989040445e-05
Plasmablast,CD79B,4.6778708,1.721303,2.898692390855554e-06,3.115081263649152e-05
Plasmablast,VOPP1,4.673686,1.2556602,2.958414430451442e-06,3.1733466788405186e-05
Plasmablast,LIME1,4.6229243,2.4099095,3.7836781549893722e-06,3.9771734553493575e-05
Plasmablast,NUCB2,4.6013627,0.78234184,4.197361269040176e-06,4.3880120392839774e-05
Plasmablast,TXNDC15,4.5649195,1.3349626,4.996865729454127e-06,5.167610648101842e-05
Plasmablast,EAF2,4.520359,2.5307453,6.173489650164895e-06,6.29969107575676e-05
Plasmablast,MANF,4.51425,0.9141596,6.354123969752363e-06,6.454146545983202e-05
Plasmablast,IGKV1-12,4.4391704,7.651345,9.030634295575587e-06,8.938390048264558e-05
Plasmablast,TCF4,4.3896523,1.2023345,1.1353211262134437e-05,0.00011015050825719159
Plasmablast,CCDC69,4.389509,1.7348281,1.1360671157226278e-05,0.00011017653415809606
Plasmablast,PRDM1,4.3856106,1.2504101,1.1566098606241972e-05,0.00011212163348346042
Plasmablast,IFNAR2,4.358923,1.5356493,1.3070417031168382e-05,0.0001259105921356747
Plasmablast,SRGN,4.31711,0.41945878,1.580852673231189e-05,0.0001494164932379413
Plasmablast,BLNK,4.29212,2.0259688,1.769752355047938e-05,0.0001658432702645898
Plasmablast,KIAA0125,4.2649703,3.4308882,1.9992875548717445e-05,0.00018539432887194277
T cell,SRGN,61.483448,4.803338,0.0,0.0
T cell,BTG1,59.999645,3.3482704,0.0,0.0
T cell,TSC22D3,56.091198,3.3721702,0.0,0.0
T cell,TNFAIP3,53.881016,4.581148,0.0,0.0
T cell,CXCR4,53.80175,4.2374773,0.0,0.0
T cell,B2M,53.17599,2.3165395,0.0,0.0
T cell,SARAF,51.315914,2.2980478,0.0,0.0
T cell,PTPRC,50.314796,4.259272,0.0,0.0
T cell,CD3E,50.147095,9.690309,0.0,0.0
T cell,CD7,49.634632,8.311926,0.0,0.0
T cell,ZFP36L2,48.42869,2.452015,0.0,0.0
T cell,IL7R,48.189316,6.9607344,0.0,0.0
T cell,CD69,48.085503,5.096741,0.0,0.0
T cell,TMSB4X,45.833366,1.3917447,0.0,0.0
T cell,EIF1,45.36412,1.1601199,0.0,0.0
T cell,RPS27,45.028713,1.0372902,0.0,0.0
T cell,RPL28,44.3827,0.82426,0.0,0.0
T cell,RGCC,43.97665,3.8961668,0.0,0.0
T cell,IL32,43.80037,4.3327556,0.0,0.0
T cell,CYTIP,42.585835,4.3324947,0.0,0.0
T cell,HLA-B,42.53461,2.415146,0.0,0.0
T cell,CD3D,42.279526,9.000175,0.0,0.0
T cell,CD52,41.817818,3.7700849,0.0,0.0
T cell,DUSP2,41.13989,3.8944073,0.0,0.0
T cell,CD2,41.10719,8.662604,0.0,0.0
T cell,EEF1A1,40.176266,0.83748275,0.0,0.0
T cell,RAC2,40.11879,3.9749982,0.0,0.0
T cell,HSPA8,39.568134,1.6215141,0.0,0.0
T cell,RPS25,39.5627,0.81363875,0.0,0.0
T cell,FAU,38.841312,0.72948366,0.0,0.0
T cell,ARHGDIB,38.131645,2.2904587,0.0,0.0
T cell,H3F3B,37.804108,0.94183326,0.0,0.0
T cell,RPS12,37.086784,0.7930553,4.588690639448216e-301,9.79855403027359e-299
T cell,RPL41,36.431633,0.61581963,1.344212703312703e-290,2.6724339106722035e-288
T cell,SH3BGRL3,36.29097,1.5409107,2.245946534594384e-288,4.427010169300487e-286
T cell,RGS1,35.26248,3.3061502,2.2086415325897837e-272,4.0106843326445345e-270
T cell,RPL10,35.045166,0.69994104,4.61945583788971e-269,8.07074928283428e-267
T cell,IL2RG,34.970642,4.336919,6.288765750465408e-268,1.0823247443077107e-265
T cell,RHOH,34.942085,4.119472,1.707868662067759e-267,2.8749538017961065e-265
T cell,KLF6,34.493595,1.7049164,1.0006172021741371e-260,1.580563966886298e-258
T cell,STK17B,34.093857,3.4927583,9.096187855050272e-255,1.336154677153945e-252
T cell,DNAJA1,33.650517,1.9961715,3.0641436644013543e-248,4.2314539633786847e-246
T cell,IFITM1,33.491055,2.7466202,6.505131497997752e-246,8.67175390790891e-244
T cell,RPSA,33.289085,0.90589094,5.554687485495198e-243,7.278534249459674e-241
T cell,HLA-C,33.22686,1.5389124,4.408007286326455e-242,5.711093485239365e-240
T cell,HLA-E,33.144005,1.6458616,6.909620439154123e-241,8.803848981644884e-239
T cell,SAMSN1,33.006157,3.8769903,6.627630143791775e-239,8.352262643504149e-237
T cell,RPL13,32.865883,0.6690313,6.755571587582261e-237,8.287074040043728e-235
T cell,CD37,32.861942,2.703629,7.690686900761467e-237,9.384265677532324e-235
T cell,CORO1A,32.806717,3.2595866,4.722656624062281e-236,5.702298799168813e-234
T cell,RPS14,32.404,0.6024135,2.410951563380902e-230,2.8368043344229775e-228
T cell,KLRB1,32.244495,9.352592,4.2022258221840094e-228,4.845586595560381e-226
T cell,HCST,32.1832,3.6525183,3.0325710530505804e-227,3.4115684695342676e-225
T cell,FYB,31.979881,3.4260366,2.0767477097735536e-224,2.2276258457115206e-222
T cell,HLA-A,31.939533,1.8094312,7.550079168120188e-224,8.061107674777211e-222
T cell,LTB,31.859028,3.9908574,9.870588694290113e-223,1.0394315820443772e-220
T cell,LAPTM5,31.666607,2.4359982,4.480151770685595e-220,4.551597362799612e-218
T cell,CREM,31.583517,2.8596907,6.217795371200427e-219,6.261781521861321e-217
T cell,CCL5,31.494944,5.4656615,1.0187910725947333e-217,1.0127310222491268e-215
T cell,CALM1,31.471434,0.980901,2.1371894115685243e-217,2.106318897845868e-215
T cell,RPL34,31.434925,0.6401431,6.7460853964994265e-217,6.620349847407224e-215
T cell,TRBC2,31.311668,6.035095,3.2371291638534237e-215,3.149986193113403e-213
T cell,ZFP36,30.551655,1.5974852,5.375544379556772e-205,4.8050699411371424e-203
T cell,SRSF7,30.297882,1.5975566,1.2224251688783819e-201,1.0558640166544284e-199
T cell,CST7,29.859264,6.083797,6.655638357843253e-196,5.48186899316361e-194
T cell,GNG2,29.775412,5.0247874,8.132747655329797e-195,6.580962330779501e-193
T cell,RPS15,29.74224,0.62028986,2.1849443580848035e-194,1.7496245411858243e-192
T cell,LEPROTL1,29.08467,2.562589,5.610467901392968e-186,4.228385971958321e-184
T cell,SLC2A3,28.993458,2.620937,7.955947945035747e-185,5.9765495605346706e-183
T cell,SLA,28.920864,4.2673755,6.52684869146976e-184,4.8870839130738835e-182
T cell,RPS3,28.806665,0.67947525,1.7698403256509237e-182,1.312413427336386e-180
T cell,SOCS1,28.723688,3.515201,1.93106941992609e-181,1.413788030550333e-179
T cell,LCK,28.349903,7.115166,8.39298411121453e-177,5.847703914586994e-175
T cell,TAGAP,28.33254,4.0233183,1.3736760647595928e-176,9.542083555869195e-175
T cell,EVL,27.9223,3.0924537,1.430675605010128e-171,9.373363864415788e-170
T cell,SPOCK2,27.843176,5.1548185,1.302912682965585e-170,8.41674293965051e-169
T cell,RPS15A,27.670525,0.48713663,1.5807279797466955e-168,9.960313843966747e-167
T cell,STK4,27.637186,2.516921,3.978885503457515e-168,2.493506996759163e-166
T cell,TRBC1,27.272278,8.175724,9.046608637837777e-164,5.447333900935113e-162
T cell,RPL36AL,27.176302,0.74429035,1.2381251307656179e-162,7.416530328757579e-161
T cell,JUNB,26.989227,1.0757322,1.9774296329017916e-160,1.154518536556484e-158
T cell,RPL11,26.917028,0.5111993,1.3880101080307317e-159,8.063045116222855e-158
T cell,DNAJB1,26.817747,1.6274061,2.0065440385205465e-158,1.13418918177355e-156
T cell,RPL6,26.802,0.46663642,3.062300724534986e-158,1.7267183205189696e-156
T cell,ICOS,26.607162,9.876312,5.6089686304242e-156,3.0798579655914976e-154
T cell,PTGER4,26.502172,4.126412,9.149253645348405e-155,4.906978780674998e-153
T cell,HNRNPA1,26.289087,0.7197753,2.556147728162817e-152,1.3458876462760478e-150
T cell,UBB,26.278618,0.83643925,3.3672049831559483e-152,1.768894790923519e-150
T cell,TXNIP,26.269344,1.8786309,4.2975953003316005e-152,2.2525259730965313e-150
T cell,FXYD5,25.902264,1.2061752,6.279859688000314e-148,3.141564514634777e-146
T cell,CD247,25.798006,8.325705,9.335881379076526e-147,4.580938220516231e-145
T cell,RPL19,25.732754,0.5010481,5.02815495354886e-146,2.4567650326005045e-144
T cell,LINC-PINT,25.684307,2.9707935,1.7503843751982036e-145,8.516321616206956e-144
T cell,S100A4,25.380709,1.6767321,4.1187361152433134e-142,1.9189149957523494e-140
T cell,LIMD2,25.334965,2.9148526,1.3162014762794537e-141,6.107492645061722e-140
T cell,CD96,25.23414,8.081334,1.691236045004704e-140,7.723422904930392e-139
T cell,RPS7,25.046392,0.46987003,1.9112667273524945e-138,8.5091956112361455e-137
T cell,YPEL5,24.66106,1.984812,2.800462609857137e-134,1.1657810236195902e-132
T cell,RPS19,24.633242,0.4711889,5.565531688188876e-134,2.3126539061803937e-132
T cell,RPS9,24.458,0.43865594,4.1369022650033925e-132,1.6826320993916795e-130
